﻿{
  "tracker_broadcast": {
  "type": "array",
  "margin": "10",
  "content": [
 {
      "type": "array",
      "orientation": "horizontal",
      "content": [
        {
"type": "array",
      "orientation": "vertical",
      "content": [
        {
      "type": "array",
      "orientation": "horizontal",
      "content": [
        {
          "type": "array",
          "orientation": "vertical",
          "content": [
            {
              "type": "itemgrid",
              "h_alignment": "center",
			  "item_size": 36,
              "item_margin": "0,0,10,5",
              "rows": [
                [ "sticks", "nuts", "bombs", "bow", "firearrow","dinsfire"],
				[ "slingshot", "ocarina", "bombchu", "hookshot", "lightarrow", "faroreswind" ],
				[ "boomerang", "lens", "hammer", "lift", "sword1", "sword3" ],
				[ "rutonote", "kidtrade", "adulttrade", "scale", "tunics", "shield3" ], 
				[ "wallet", "agony", "token", "magic", "ironboots", "hoverboots" ],
				[ "lullaby", "epona", "saria", "sun", "time", "storm"],
				["minuet", "bolero", "serenade", "requiem", "nocturne", "prelude"],
              ]
            },
			{
                      "type": "itemgrid",
                      "h_alignment": "center",
                      "item_margin": "0,0,10,5",
                      "item_height": 50,
					  "item_width": 36,
					  "margin": "0,0",
                      "rows": [
						["forest", "fire", "water", "spirit", "shadow", "light"],
                      ]
			},
			 ]
		},
		{
              "type": "array",
              "orientation": "vertical",
              "content": [
                {
                  "type": "array",
                  "orientation": "vertical",
                  "content": [
                    {
                      "type": "itemgrid",
                      "h_alignment": "center",
                      "item_margin": "0,24",
					  "item_height": 50,
                      "item_width": 36,
					  "margin": "0,3",
                      "badge_font_size": 10,
                      "rows": [
                        [ "emerald" ],
                        [ "ruby" ],
						[ "sapphire" ]
                      ]
                    }
                  ]
                }
              ]
            }
      ]
	  },
	                  {
                  "type": "array",
                  "orientation": "horizontal",
                  "content": [
                    {
                      "type": "itemgrid",
                      "h_alignment": "center",
                      "item_margin": "1,1",
                      "item_height": 16,
                      "item_width": 58,
					  "margin": "0,0,0,0",
                      "badge_font_size": 10,
                      "rows": [
					  ["deku_label",],
                        [ "forest_label" ],
						[ "fire_label" ],
						[ "water_label" ],
						
												
						
                      ]
                    },
					{
                      "type": "itemgrid",
                      "h_alignment": "center",
                      "item_margin": "1,1",
                      "item_height": 16,
                      "item_width": 16,
					  "margin": "0,0",
                      "badge_font_size": 10,
                      "rows": [
					  ["deku_treasures"],
                       ["forest_treasures"],
						["fire_treasures"],
						["water_treasures"],

						
						
						
						
                      ]
                    },
					{
                      "type": "itemgrid",
                      "h_alignment": "center",
                      "item_margin": "1,1",
                      "item_height": 16,
                      "item_width": 58,
					  "margin": "0,0,0,0",
                      "badge_font_size": 10,
                      "rows": [
					  ["dodongo_label",],
						[ "spirit_label" ],
						[ "shadow_label" ],
						[ "ganon_label" ],
						
                      ]
                    },
					{
                      "type": "itemgrid",
                      "h_alignment": "center",
                      "item_margin": "1,1",
                      "item_height": 16,
                      "item_width": 16,
					  "margin": "0,0",
                      "badge_font_size": 10,
                      "rows": [
					  ["dodongo_treasures"],
						["spirit_treasures"],
						["shadow_treasures"],
						["ganon_treasures"],
						
                      ]
                    },
					{
                      "type": "itemgrid",
                      "h_alignment": "center",
                      "item_margin": "1,1",
                      "item_height": 16,
                      "item_width": 58,
					  "margin": "0,0,0,0",
                      "badge_font_size": 10,
                      "rows": [
						["jabu_label",],
						[ "gerudo_label" ],
						["fortress_label"],
						[ "well_label" ],
						
						
                      ]
                    },
					{
                      "type": "itemgrid",
                      "h_alignment": "center",
                      "item_margin": "1,1",
                      "item_height": 16,
                      "item_width": 16,
					  "margin": "0,0",
                      "badge_font_size": 10,
                      "rows": [
						["jabu_treasures"],
						["gerudo_treasures"],
						["fortress_treasures"],
						["well_treasures"],
						
                      ]
                    },
				]
			}
		 
		]
    },
      ]
    }
  ]
}
}

