﻿{
"tracker_broadcast": {
      "type": "array",
      "orientation": "vertical",
      "content": [
        {
          "type": "array",
          "orientation": "vertical",
          "content": [
                    {
                      "type": "itemgrid",
                      "h_alignment": "center",
                      "item_margin": "6,0",
					  "item_height": 13,
                      "item_width": 36,
					  "margin": 0,
                      "badge_font_size": 12,
                      "rows": [
						["FRST", "FRE", "WATR", "SPRT", "SHDW", "LGHT"],
								]
                    },
			{
              "type": "itemgrid",
              "h_alignment": "center",
              "item_size": 32,
			  "margin": "0,0",
              "item_margin": "8,5",
              "rows": [
				[ "forestmedal", "firemedal", "watermedal", "spiritmedal", "shadowmedal", "lightmedal" ]
              ]
            },
            {
             "type": "array",
             "orientation": "horizontal",
             "margin": "5,0",
             "content": [
			 			{
              "type": "itemgrid",
              "h_alignment": "center",
              "item_size": 32,
			  "margin": "0,0",
              "item_margin": "8,5",
              "rows": [
				[ "bombs", "hookshot", "lift1", "bow", "fireandlight"],
						]
						},
						{
                            "type": "canvas",
                            "width": 32,
                            "height": 32,
                            "margin": "8,5",
                            "content": [
                              {
                                "type": "item",
                                "item": "rubysmall",
                                "canvas_depth": 1,
                                "canvas_left": 8,
                                "canvas_top": 0,
                                "width": 16,
                                "height": 16
                              },
							  {
                                "type": "item",
                                "item": "emeraldsmall",
                                "canvas_depth": 1,
                                "canvas_left": 0,
                                "canvas_top": 16,
                                "width": 16,
                                "height": 16
                              },
                              {
                                "type": "item",
                                "item": "sapphiresmall",
                                "canvas_depth": 1,
                                "canvas_left": 16,
                                "canvas_top": 15,
                                "width": 16,
                                "height": 16
                              }
										]
						}
					]
            },
			{
             "type": "array",
             "orientation": "horizontal",
             "margin": "5,0",
             "content": [
			 			{
              "type": "itemgrid",
              "h_alignment": "center",
			  "margin": "0,0",
              "item_size": 32,
              "item_margin": "8,5",
              "rows": [
				["hammer", "boots", "shield3", "dinsfire", "adulttrade", "magic" ],
						]
						},
					/*	{
                            "type": "canvas",
                            "width": 32,
                            "height": 32,
                            "margin": "8,5",
                            "content": [
                              {
                                "type": "item",
                                "item": "HUNDREDS",
                                "canvas_depth": 0,
								"canvas_left": 2,
                                "width": 8,
                                "height": 13
                              },
							                                {
                                "type": "item",
                                "item": "TENS",
                                "canvas_depth": 0,
								"canvas_left": 12,
                                "width": 8,
                                "height": 13
                              },
							                                {
                                "type": "item",
                                "item": "ONES",
                                "canvas_depth": 0,
								"canvas_left": 22,
                                "width": 8,
                                "height": 13
                              },
                              {
                                "type": "item",
                                "item": "checktotal",
                                "canvas_depth": 1,
                                "canvas_left": 0,
                                "canvas_top": 14,
                                "width": 32,
                                "height": 18
                              }
										]
						}*/
					]
            },
			{
              "type": "itemgrid",
              "h_alignment": "center",
              "item_size": 32,
			  "margin": "0,0",
              "item_margin": "8,5",
              "rows": [
				[ "slingshot", "boomerang", "ruto", "scale1", "skullmask", "skulltula" ],
				[ "lullaby", "epona", "saria", "sun", "time", "storm" ],
				[ "minuet", "bolero", "serenade", "requiem", "nocturne", "prelude" ],
						]
			},
          ]
        },
      ]
    },
}