﻿{
"tracker_broadcast": {
	"type": "array",
	  "content": [
    {
          "type": "array",
          "orientation": "vertical",
          "content": [
		  {
              "type": "array",
              "orientation": "vertical",
              "content": [
                {
                  "type": "array",
                  "orientation": "vertical",
                  "content": [
                    {
                      "type": "itemgrid",
                      "h_alignment": "center",
                      "item_margin": "8,0",
		      "item_height": 14,
                      "item_width": 32,
					  "margin": 0,
                      "badge_font_size": 12,
                      "rows": [
						["FRST", "FRE", "WATR", "SPRT", "SHDW", "LGHT"],
                      ]
                    }
                  ]
                }
              ]
            },
            {
              "type": "itemgrid",
              "h_alignment": "center",
              "item_size": 32,
			  "margin": "0,0",
              "item_margin": "8,5",
              "rows": [
				[ "forestmedal", "firemedal", "watermedal", "spiritmedal", "shadowmedal", "lightmedal" ],
				[ "bombs", "hookshot", "lift1", "bow", "firearrow", "lightarrow" ],
				[ "hammer", "ironboots", "hoverboots", "shield3", "dinsfire", "adulttrade" ],
				[ "slingshot", "boomerang", "ruto", "scale1", "skulltula", "skullmask" ],
				[ "lullaby", "epona", "saria", "sun", "time", "storm" ],
				[ "minuet", "bolero", "serenade", "requiem", "nocturne", "prelude" ],
              ]
            },
			
          ]
        },
  ]
}
}