﻿{
    "shared_item_grid": 
    {
      "type": "array",
      "orientation": "vertical",
      "content": [
        {
          "type": "array",
          "orientation": "vertical",
          "content": [
		  {
              "type": "array",
              "orientation": "vertical",
              "content": [
                {
                  "type": "array",
                  "orientation": "vertical",
                  "content": [
                    {
                      "type": "itemgrid",
                      "h_alignment": "center",
                      "item_margin": "8,0",
		      "item_height": 14,
                      "item_width": 32,
					  "margin": 0,
                      "badge_font_size": 12,
                      "rows": [
						["FRST", "FRE", "WATR", "SPRT", "SHDW", "LGHT"],
                      ]
                    }
                  ]
                }
              ]
            },
            {
              "type": "itemgrid",
              "h_alignment": "center",
              "item_size": 32,
			  "margin": "0,0",
              "item_margin": "8,5",
              "rows": [
				[ "forestmedal", "firemedal", "watermedal", "spiritmedal", "shadowmedal", "lightmedal" ],
				[ "bombs", "hookshot", "lift1", "bow", "firearrow", "lightarrow" ],
				[ "hammer", "ironboots", "hoverboots", "shield3", "dinsfire", "adulttrade" ],
				[ "slingshot", "boomerang", "ruto", "scale1", "skulltula", "skullmask" ],
				[ "lullaby", "epona", "saria", "sun", "time", "storm" ],
				[ "minuet", "bolero", "serenade", "requiem", "nocturne", "prelude" ],
              ]
            },
			
          ]
        },
      ]
    },
    "tracker_default": {
      "type": "container",
      "width": 320,
      //"height": 350,
      "background": "#212121",
      "content": {
        "type": "layout",
        "dropshadow": true,
        "margin": 10,
        "key": "shared_item_grid"
      }
    }
  }
  }
