﻿[
  // Bow
 {
    "name": "Bow",
    "type": "progressive",
    "allow_disabled": false,
    "stages": [
      {
        "img": "images/bow.png",
        "img_mods": "@disabled",
        "codes": "bow,arrows"
      },
      {
        "img": "images/bow3.png",
      },
      {
        "img": "images/bow4.png",
      },
      {
        "img": "images/bow5.png",
      },
    ]
  },
  // Slingshot
 {
    "name": "Slingshot",
    "type": "progressive",
    "allow_disabled": false,
    "stages": [
      {
        "img": "images/slingshot.png",
        "img_mods": "@disabled",
        "codes": "slingshot,sling,seeds"
      },
      {
        "img": "images/sling3.png",
      },
      {
        "img": "images/sling4.png",
      },
      {
        "img": "images/sling5.png",
      },
    ]
  },
  // Deku Nuts
 {
    "name": "Deku Nuts",
    "type": "progressive",
    "allow_disabled": false,
    "stages": [
      {
        "img": "images/nut.png",
        "img_mods": "@disabled",
        "codes": "nuts,dekunuts"
      },
      {
        "img": "images/nut2.png",
      },
      {
        "img": "images/nut3.png",
      },
      {
        "img": "images/nut4.png",
      },
    ]
  },
  // Stone of Agony
  {
    "name": "Stone of Agony",
    "type": "toggle",
    "img": "images/agony.png",
    "codes": "agony,stoneofagony,stone"
  },
  // Gerudo Membership Card
  {
    "name": "Membership Card",
    "type": "toggle",
    "img": "images/membership.png",
    "codes": "membership,gerudo,card"
  },
  // Fire Arrows
  {
    "name": "Fire Arrows",
    "type": "toggle",
    "img": "images/firearrow.png",
    "codes": "firearrow,firearrows,farrow,farrows"
  },
  // Ice Arrows
  {
    "name": "Ice Arrows",
    "type": "toggle",
    "img": "images/icearrow.png",
    "codes": "icearrow,icearrows,iarrow,iarrows"
  },
  // Light Arrows
  {
    "name": "Light Arrows",
    "type": "toggle",
    "img": "images/lightarrow.png",
    "codes": "lightarrow,lightarrows,larrow,larrows"
  },
 // Fire and Light Arrows
  {
    "name": "Fire and Light Arrows",
    "type": "composite_toggle",
    "codes": "arrows,magicarrow,magicarrows,firelight,lightfire,fireandlight,lightandfire",
    "item_left": "farrow",
    "item_right": "larrow",
    "images": [
      {
        "left": false,
        "right": false,
        "img": "images/fireandlightarrows.png",
        "img_mods": "@disabled"
      },
      {
        "left": true,
        "right": false,
        "img": "images/firearrow.png"
      },
      {
        "left": false,
        "right": true,
        "img": "images/lightarrow.png"
      },
      {
        "left": true,
        "right": true,
        "img": "images/fireandlightarrows.png"
      }
    ]
  },
  // Magic Beans
  {
    "name": "Magic Beans",
    "type": "toggle",
    "img": "images/bean.png",
    "codes": "beans,magicbeans"
  },
  // Deku Sticks
 {
    "name": "Deku Sticks",
    "type": "progressive",
    "allow_disabled": false,
    "stages": [
      {
        "img": "images/stick.png",
        "img_mods": "@disabled",
        "codes": "sticks,dekusticks,stick,dekustick"
      },
      {
        "img": "images/stick1.png",
      },
      {
        "img": "images/stick2.png",
      },
      {
        "img": "images/stick3.png",
      },
    ]
  },
  // Bombs
 {
    "name": "Bombs",
    "type": "progressive",
    "loop": true,
    "allow_disabled": false,
    "stages": [
      {
        "img": "images/bomb.png",
        "img_mods": "@disabled",
        "codes": "bombs,bombbag"
      },
      {
        "img": "images/bombchu.png",
      },
      {
        "img": "images/bomb2.png",
      },
      {
        "img": "images/bomb3.png",
      },
      {
        "img": "images/bomb4.png",
      },
    ]
  },
    // Chus with Bombs
    {
      "name": "Chus and Bombs",
      "type": "toggle_badged",
      "base_item": "Bombs",
      "img": "images/bombchu-small.png",
      "codes": "Chubombs"
    },
  // Boomerang
  {
    "name": "Boomerang",
    "type": "toggle",
    "img": "images/boomerang.png",
    "codes": "boomerang,boomer,rang"
  },
  // Hookshot
  {
    "name": "Hookshot",
    "type": "progressive",
	"allow_disabled": false,
	"stages": [
		{
		  "img": "images/hookshotd.png",
		  "img_mods": "@disabled",
		},
		{
		  "img": "images/hookshot.png",
		  "codes": "hookshot,hs"
		},
		{
		  "img": "images/longshot.png",
		  "codes": "longshot,ls"
		},
	]
  },
  // Bombchu
  {
    "name": "Bombchu",
    "type": "toggle",
    "img": "images/bombchu.png",
    "codes": "bombchu"
  },
  // Lens of Truth
  {
    "name": "Lens of Truth",
    "type": "toggle",
    "img": "images/lens.png",
    "codes": "lens,lensoftruth"
  },
  // Din's Fire
  {
    "name": "Din's Fire",
    "type": "toggle",
    "img": "images/din.png",
    "codes": "dinsfire,dins,din"
  },
  // Farore's Wind
  {
    "name": "Farore's Wind",
    "type": "toggle",
    "img": "images/farore.png",
    "codes": "faroreswind,farores,farore"
  },
  // Nayru's Love
  {
    "name": "Nayru's Love",
    "type": "toggle",
    "img": "images/nayru.png",
    "codes": "nayruslove,nayrus"
  },
  // Zelda's Lullaby
  {
    "name": "Zelda's Lullaby",
    "type": "progressive_toggle",
	"stages": [
      {
		"img": "images/zelda.png",
		"codes": "lullaby,zelda",
		"secondary_codes": "checkoff,undo"
	  },
	  {
		"img": "images/zelda-check.png",
		"disabled_img": "images/zelda-disabledcheck.png",
        "disabled_img_mods": "",
		"codes": "lullaby,zelda",
		"secondary_codes": "check"
	  },
	]
  },
  // Saria's Song
  {
    "name": "Saria's Song",
    "type": "progressive_toggle",
    "stages": [
      {
		"img": "images/saria.png",
		"codes": "saria",
		"secondary_codes": "checkoff,undo"
	  },
	  {
		"img": "images/saria-check.png",
		"disabled_img": "images/saria-disabledcheck.png",
        "disabled_img_mods": "",
		"codes": "saria",
		"secondary_codes": "check"
	  },
	]
  },
  // Epona's Song
  {
    "name": "Epona's Song",
    "type": "progressive_toggle",
    "stages": [
      {
		"img": "images/epona.png",
		"disabled_img": "images/epona.png",
		"codes": "epona",
		"secondary_codes": "checkoff,undo"
	  },
	  {
		"img": "images/epona-check.png",
		"disabled_img": "images/epona-disabledcheck.png",
        "disabled_img_mods": "",
		"codes": "epona",
		"secondary_codes": "check"
	  },
	]
  },
  // Sun's Song
  {
    "name": "Sun's Song",
    "type": "progressive_toggle",
    "stages": [
      {
		"img": "images/sunsong.png",
		"codes": "sunsong,sun",
		"disabled_img": "images/sunsong.png",
		"secondary_codes": "checkoff,undo"
	  },
	  {
		"img": "images/sunsong-check.png",
		"disabled_img": "images/sunsong-disabledcheck.png",
        "disabled_img_mods": "",
		"codes": "sunsong,sun",
		"secondary_codes": "check"
	  },
	]
  },
  // Song of Time
  {
    "name": "Sun's Song",
    "type": "progressive_toggle",
    "stages": [
      {
		"img": "images/songoftime.png",
		"codes": "songoftime,time",
		"secondary_codes": "checkoff,undo"
	  },
	  {
		"img": "images/songoftime-check.png",
		"disabled_img": "images/songoftime-disabledcheck.png",
        "disabled_img_mods": "",
		"codes": "songoftime,time",
		"secondary_codes": "check"
	  },
	]
  },
  // Song of Storms
  {
    "name": "Song of Storms",
    "type": "progressive_toggle",
    "stages": [
      {
		"img": "images/songofstorms.png",
		"codes": "songofstorms,storm,storms",
		"secondary_codes": "checkoff,undo"
	  },
	  {
		"img": "images/songofstorms-check.png",
		"disabled_img": "images/songofstorms-disabledcheck.png",
        "disabled_img_mods": "",
		"codes": "songofstorms,storm,storms",
		"secondary_codes": "check"
	  },
	]
  },
  // Minuet of Forest
  {
    "name": "Minuet of Forest",
    "type": "progressive_toggle",
    "stages": [
      {
		"img": "images/green_note.png",
		"disabled_img": "images/green_note.png",
		"codes": "minuet,greennote",
		"secondary_codes": "checkoff,undo"
	  },
	  {
		"img": "images/green_note-check.png",
		"disabled_img": "images/green_note-disabledcheck.png",
        "disabled_img_mods": "",
		"codes": "minuet,greennote",
		"secondary_codes": "check"
	  },
	]
  },  
    // Bolero of Fire
  {
    "name": "Bolero of Fire",
    "type": "progressive_toggle",
    "stages": [
      {
		"img": "images/red_note.png",
		"disabled_img": "images/red_note.png",
		"codes": "bolero,rednote",
		"secondary_codes": "checkoff,undo"
	  },
	  {
		"img": "images/red_note-check.png",
		"disabled_img": "images/red_note-disabledcheck.png",
        "disabled_img_mods": "",
		"codes": "bolero,rednote",
		"secondary_codes": "check"
	  },
	]
  },
    // Serenade of Water
  {
    "name": "Serenade of Water",
    "type": "progressive_toggle",
    "stages": [
      {
		"img": "images/blue_note.png",
		"codes": "serenade,bluenote",
		"disabled_img": "images/blue_note.png",
		"secondary_codes": "checkoff,undo"
	  },
	  {
		"img": "images/blue_note-check.png",
		"disabled_img": "images/blue_note-disabledcheck.png",
        "disabled_img_mods": "",
		"codes": "serenade,bluenote",
		"secondary_codes": "check"
	  },
	]
  },
  // Requiem of Spirit
  {
    "name": "Requiem of Spirit",
    "type": "progressive_toggle",
    "stages": [
      {
		"img": "images/orange_note.png",
		"codes": "requiem,orangenote",
		"secondary_codes": "checkoff,undo"
	  },
	  {
		"img": "images/orange_note-check.png",
		"disabled_img": "images/orange_note-disabledcheck.png",
        "disabled_img_mods": "",
		"codes": "requiem,orangenote",
		"secondary_codes": "check"
	  },
	]
  },
  // Nocturne of Shadow
  {
    "name": "Nocturne of Shadow",
    "type": "progressive_toggle",
    "stages": [
      {
		"img": "images/purple_note.png",
		"codes": "nocturne,purplenote",
		"secondary_codes": "checkoff,undo"
	  },
	  {
		"img": "images/purple_note-check.png",
		"disabled_img": "images/purple_note-disabledcheck.png",
        "disabled_img_mods": "",
		"codes": "nocturne,purplenote",
		"secondary_codes": "check"
	  },
	]
  },
  // Prelude of Light
  {
    "name": "Prelude of Light",
    "type": "progressive_toggle",
    "stages": [
      {
		"img": "images/yellow_note.png",
		"codes": "prelude,yellownote",
		"secondary_codes": "checkoff,undo"
	  },
	  {
		"img": "images/yellow_note-check.png",
		"disabled_img": "images/yellow_note-disabledcheck.png",
        "disabled_img_mods": "",
		"codes": "prelude,yellownote",
		"secondary_codes": "check"
	  },
	]
  },
  // Kokiri Sword
  {
    "name": "Kokiri Sword",
    "type": "toggle",
    "img": "images/sword1.png",
    "codes": "sword1,kokirisword"
  },
  // Master Sword
  {
    "name": "Master Sword",
    "type": "toggle",
    "img": "images/sword2.png",
    "codes": "sword2,mastersword,ms"
  },
  // Biggoron Sword
  {
    "name": "Biggoron Sword",
    "type": "toggle",
    "img": "images/sword3.png",
    "codes": "sword3,biggoronsword"
  },
  // Kokiri Shield
  {
    "name": "Kokiri Shield",
    "type": "toggle",
    "img": "images/shield1.png",
    "codes": "shield1,kokirishield"
  },
  // Hylian Shield
  {
    "name": "Hylian Shield",
    "type": "toggle",
    "img": "images/shield2.png",
    "codes": "shield2,hylianshield"
  },
  // Mirror Shield
  {
    "name": "Mirror Shield",
    "type": "toggle",
    "img": "images/shield3.png",
    "codes": "shield3,mirrorshield"
  },
  // Kokiri Tunic
  {
    "name": "Kokiri Tunic",
    "type": "static",
    "img": "images/greentunic.png",
    "codes": "greentunic"
  },
  // Goron Tunic
  {
    "name": "Goron Tunic",
    "type": "toggle",
	"disabled_img": "images/redtunic.png",
    "img": "images/redtunic.png",
    "codes": "gorontunic,redtunic"
  },
  // Zora Tunic
  {
    "name": "Zora Tunic",
    "type": "toggle",
    "img": "images/bluetunic.png",
	"disabled_img": "images/bluetunic.png",
    "codes": "zoratunic,bluetunic"
  },
    // Goron and Zora Tunics
  {
    "name": "Red and Blue Tunics",
    "type": "composite_toggle",
    "codes": "tunics,bothtunics",
    "item_left": "bluetunic",
    "item_right": "redtunic",
    "images": [
      {
        "left": false,
        "right": false,
        "img": "images/redbluetunic.png",
        "img_mods": "@disabled"
      },
      {
        "left": true,
        "right": false,
        "img": "images/bluetunic-disabled.png"
      },
      {
        "left": false,
        "right": true,
        "img": "images/redtunic-disabled.png"
      },
      {
        "left": true,
        "right": true,
        "img": "images/redbluetunic.png"
      }
    ]
  },
  // Kokiri Boots
  {
    "name": "Kokiri Boots",
    "type": "static",
    "img": "images/kokiriboots.png",
    "codes": "kokiriboots"
  },
  // Iron Boots
  {
    "name": "Iron Boots",
    "type": "toggle",
    "img": "images/ironboots.png",
    "codes": "ironboots,iboots,iron"
  },
  // Hover Boots
  {
    "name": "Hover Boots",
    "type": "toggle",
    "img": "images/hoverboots.png",
    "codes": "hoverboots,hboots,hover"
  },
  // Iron and Hover Boots
  {
    "name": "Iron and Hover Boots",
    "type": "composite_toggle",
    "codes": "boots,bothboots",
    "item_left": "ironboots",
    "item_right": "hoverboots",
    "images": [
      {
        "left": false,
        "right": false,
        "img": "images/boots.png",
        "img_mods": "@disabled"
      },
      {
        "left": true,
        "right": false,
        "img": "images/ironboots.png"
      },
      {
        "left": false,
        "right": true,
        "img": "images/hoverboots.png"
      },
      {
        "left": true,
        "right": true,
        "img": "images/boots.png"
      }
    ]
  },
  // Child Trade Sequence
  {
    "name": "Child Trade",
    "type": "progressive",
    "stages": [
      {
        "img": "images/egg.png",
        "codes": "childegg,kidtrade"
      },
      {
        "img": "images/cucco.png",
        "codes": "childcucco"
      },
	  {
        "img": "images/letter.png",
        "codes": "letter"
      },
	  {
        "img": "images/keaton.png",
        "codes": "keaton,keatonmask"
      },
	  {
        "img": "images/skull.png",
        "codes": "skullmask,skull"
      },
	  {
        "img": "images/spooky.png",
        "codes": "spooky,spookymask"
      },
	  {
        "img": "images/bunny.png",
        "codes": "bunny,bunnyhood"
      },
	  {
        "img": "images/truth.png",
        "codes": "truth,maskoftruth"
      },
    ]
  },
  // Adult Trade Sequence
  {
    "name": "Adult Trade",
    "type": "progressive",
    "stages": [
      {
        "img": "images/egg.png",
        "codes": "adultegg,adulttrade"
      },
      {
        "img": "images/cucco.png",
        "codes": "adultcucco,pocketcucco"
      },
	  {
        "img": "images/cojiro.png",
        "codes": "cojiro,bluecucco"
      },
	  {
        "img": "images/mushroom.png",
        "codes": "mushroom,oddmushroom"
      },
	  {
        "img": "images/medicine.png",
        "codes": "oddpotion,oddpoultice,potion"
      },
	  {
        "img": "images/saw.png",
        "codes": "saw,poachersaw"
      },
	  {
        "img": "images/broken_sword.png",
        "codes": "brokensword"
      },
	  {
        "img": "images/perscription.png",
        "codes": "perscription,script"
      },
	  {
        "img": "images/frog.png",
        "codes": "frog,eyeballfrog"
      },
	  {
        "img": "images/eyedrops.png",
        "codes": "eyedrops,drops"
      },
	  {
        "img": "images/claim.png",
        "codes": "claim,claimcheck"
      },
    ]
  },
  // Hammer
  {
    "name": "Hammer",
    "type": "toggle",
    "img": "images/hammer.png",
    "codes": "hammer"
  },
  // Ocarina
  {
    "name": "Ocarina",
    "type": "progressive",
    "stages": [
      {
        "img": "images/fairyocarina.png",
        "codes": "ocarina,fairyocarina,flute"
      },
      {
        "img": "images/ocarina.png"
      }
    ]
  },
 // Bottles
  {
    "name": "Bottle",
    "type": "progressive",
    "loop": true,
    "allow_disabled": false,
    "stages": [
      {
        "img": "images/bottle.png",
        "img_mods": "@disabled"
      },
      {
        "img": "images/bottle1.png",
        "codes": "bottle"
      },
      {
        "img": "images/bottle2.png"
      },
      {
        "img": "images/bottle3.png"
      },
      {
        "img": "images/bottle4.png"
      }
    ]
  },
  // Note With Bottles
  {
    "name": "Note and Bottles",
    "type": "toggle_badged",
    "base_item": "bottle",
    "img": "images/rutobottle.png",
    "codes": "rutonote"
  },
    // Ruto Bottle
  {
    "name": "Bottle",
    "type": "progressive",
    "stages": [
      {
        "img": "images/bottle.png",
        "codes": "ruto,bottle"
      },
      {
        "img": "images/ruto.png",
		"codes": "rutonote"
      }
    ]
  },
  // Progressive Gauntlets
  {
    "name": "Gauntlets",
    "type": "progressive",
    "stages": [
      {
        "img": "images/lift1.png",
        "codes": "bracelet,lift1"
      },
      {
        "img": "images/lift2.png",
        "codes": "silvergauntlets,lift2"
      },
	  {
        "img": "images/lift3.png",
        "codes": "goldgauntlets,lift3"
      }
    ]
  },
  // Gold Skulltula Tokens
  {
    "name": "Gold Skulltula Tokens",
    "type": "consumable",
    "img": "images/skulltula.png",
    "codes": "skulltula,goldskulltula,token,skulltoola",
    "max_quantity": 50
  },
    //Gold Skulltula Progressive
  {
    "name": "Tokens Progressive",
    "type": "progressive",
	"allow_disabled": false,
    "stages": [
      {
        "img": "images/skulltula.png",
		"img_mods": "@disabled",
        "codes": "skulltulas"
      },
	  {
        "img": "images/skulltula1.png",
      },
	  {
        "img": "images/skulltula2.png",
      },
	  {
        "img": "images/skulltula3.png",
      },
	  {
        "img": "images/skulltula4.png",
      },
	  {
        "img": "images/skulltula5.png",
      },
    ]
  },
	
    // Progressive Scales
  {
    "name": "Zora Scales",
    "type": "progressive",
    "stages": [
      {
        "img": "images/scale1.png",
        "codes": "silverscale,scale1"
      },
	  {
        "img": "images/scale2.png",
        "codes": "goldscale,scale2"
      }
    ]
  },
  // Progressive Wallet
  {
    "name": "Wallet",
    "type": "progressive",
	"allow_disabled": false,
    "stages": [
      {
        "img": "images/wallet.png",
        "codes": "wallet"
      },
	  {
        "img": "images/wallet1.png",
      },
	  {
        "img": "images/wallet2.png",
      }
    ]
  },
    // Progressive Magic
  {
    "name": "Magic",
    "type": "progressive",
    "stages": [
      {
        "img": "images/Magic.png",
        "codes": "magic"
      },
	  {
        "img": "images/DoubleMagic.png",
        "codes": "doublemagic"
      }
    ]
  },
      //Heart Pieces Progressive
  {
    "name": "Pieces Progressive",
    "type": "progressive",
	"allow_disabled": false,
    "stages": [
      {
        "img": "images/heartpiece.png",
		"img_mods": "@disabled",
        "codes": "heartpiece"
      },
	  {
        "img": "images/heartpiece.png",
      },
	  {
        "img": "images/heartpiece.png",
      },
	  {
        "img": "images/heartpiece.png",
      },
	  {
        "img": "images/heartpiece.png",
      },
	  {
        "img": "images/heartpiece.png",
      },
    ]
  },
// Heart Container
  {
    "name": "Heart Container",
    "type": "consumable",
    "img": "images/heartcontainer.png",
    "codes": "heartcontainer",
    "max_quantity": 8
  },
    //Heart Container Progressive
  {
    "name": "Container Progressive",
    "type": "progressive",
	"allow_disabled": false,
    "stages": [
      {
        "img": "images/heartcontainer.png",
		"img_mods": "@disabled",
        "codes": "heartpiece"
      },
	  {
        "img": "images/heartcontainer.png",
      },
	  {
        "img": "images/heartcontainer.png",
      },
	  {
        "img": "images/heartcontainer.png",
      },
	  {
        "img": "images/heartcontainer.png",
      },
	  {
        "img": "images/heartcontainer.png",
      },
    ]
  },
    // Forest Medallion
  {
    "name": "Forest Medallion",
    "type": "toggle",
    "img": "images/forestmedallion.png",
    "codes": "forestmedal"
  },
    // Fire Medallion
  {
    "name": "fire Medallion",
    "type": "toggle",
    "img": "images/firemedallion.png",
    "codes": "firemedal"
  },
    // water Medallion
  {
    "name": "water Medallion",
    "type": "toggle",
    "img": "images/watermedallion.png",
    "codes": "watermedal"
  },
  // spirit Medallion
  {
    "name": "spirit Medallion",
    "type": "toggle",
	"img": "images/spiritmedallion.png",
    "codes": "spiritmedal"
  },
    // shadow Medallion
  {
    "name": "shadow Medallion",
    "type": "toggle",
    "img": "images/shadowmedallion.png",
    "codes": "shadowmedal"
  },
    // light Medallion
  {
    "name": "light Medallion",
    "type": "toggle",
    "img": "images/lightmedallion.png",
    "codes": "lightmedal"
  },
    // Kokiri's Emerald
  {
    "name": "Kokiri's Emerald",
    "type": "toggle",
    "img": "images/emerald.png",
    "codes": "emerald",
  },
  // Goron's Ruby
  {
    "name": "Goron's Ruby",
    "type": "toggle",
    "img": "images/ruby.png",
    "codes": "ruby"
  },
  // Zora's Sapphire
  {
    "name": "Zora's Sapphire",
    "type": "toggle",
    "img": "images/sapphire.png",
    "codes": "sapphire"
  },

  {
    "name": "Open Door",
    "type": "progressive",
    "allow_disabled": false,
    "loop": true,
    "stages": [
      {
        "img": "images/closed_door.png",
        "codes": "type_door,closed_door"
      },
      {
        "img": "images/open_door.png",
        "codes": "type_door,open_door",
        "inherit_codes": false
      }
    ]
  },
    // Label Base
  {
    "name": "FRST Medal Label",
    "type": "progressive",
	"loop": true,
    "allow_disabled": false,
    "stages": [
	  {
        "img": "images/unknown-small.png",
        "codes": "FRST",
      },
      {
        "img": "images/deku.png",
        "codes": "FRST",
      },
	  {
        "img": "images/dodongo.png",
		"codes": "FRST",
      },
      {
        "img": "images/jabu.png",
		"codes": "FRST",
      },
      {
        "img": "images/forest.png",
		"codes": "FRST",
      },
	  {
        "img": "images/fire.png",
		"codes": "FRST",
      },
	  {
        "img": "images/water.png",
		"codes": "FRST",
      },
	  {
        "img": "images/spirit.png",
		"codes": "FRST",

      },
	  {
        "img": "images/shadow.png",
		"codes": "FRST",
      },
	  {
        "img": "images/free.png",
        "codes": "FRST",
      },
    ]
  },
      // Label Base
  {
    "name": "FRE Medal Label",
    "type": "progressive",
	"loop": true,
    "allow_disabled": false,
    "stages": [
	  {
        "img": "images/unknown-small.png",
        "codes": "FRE",
      },
      {
        "img": "images/deku.png",
        "codes": "FRE",
      },
	  {
        "img": "images/dodongo.png",
		"codes": "FRE",
      },
      {
        "img": "images/jabu.png",
		"codes": "FRE",
      },
      {
        "img": "images/forest.png",
		"codes": "FRE",
      },
	  {
        "img": "images/fire.png",
		"codes": "FRE",
      },
	  {
        "img": "images/water.png",
		"codes": "FRE",
      },
	  {
        "img": "images/spirit.png",
		"codes": "FRE",

      },
	  {
        "img": "images/shadow.png",
		"codes": "FRE",
      },
 	{
        "img": "images/free.png",
		"codes": "FRE",
      },
    ]
  },
      // Label Base
  {
    "name": "WATR Medal Label",
    "type": "progressive",
	"loop": true,
    "allow_disabled": false,
    "stages": [
	  {
        "img": "images/unknown-small.png",
        "codes": "WATR",
      },
      {
        "img": "images/deku.png",
        "codes": "WATR",
      },
	  {
        "img": "images/dodongo.png",
		"codes": "WATR",
      },
      {
        "img": "images/jabu.png",
		"codes": "WATR",
      },
      {
        "img": "images/forest.png",
		"codes": "WATR",
      },
	  {
        "img": "images/fire.png",
		"codes": "WATR",
      },
	  {
        "img": "images/water.png",
		"codes": "WATR",
      },
	  {
        "img": "images/spirit.png",
		"codes": "WATR",

      },
	  {
        "img": "images/shadow.png",
		"codes": "WATR",
      },
	  {
        "img": "images/free.png",
		"codes": "WATR",
      },
    ]
  },
      // Label Base
  {
    "name": "SPRT Medal Label",
    "type": "progressive",
	"loop": true,
    "allow_disabled": false,
    "stages": [
	  {
        "img": "images/unknown-small.png",
        "codes": "SPRT",
      },
      {
        "img": "images/deku.png",
        "codes": "SPRT",
      },
	  {
        "img": "images/dodongo.png",
		"codes": "SPRT",
      },
      {
        "img": "images/jabu.png",
		"codes": "SPRT",
      },
      {
        "img": "images/forest.png",
		"codes": "SPRT",
      },
	  {
        "img": "images/fire.png",
		"codes": "SPRT",
      },
	  {
        "img": "images/water.png",
		"codes": "SPRT",
      },
	  {
        "img": "images/spirit.png",
		"codes": "SPRT",

      },
	  {
        "img": "images/shadow.png",
		"codes": "SPRT",
      },
	  {
        "img": "images/free.png",
		"codes": "SPRT",
      },
    ]
  },
      // Label Base
  {
    "name": "SHDW Medal Label",
    "type": "progressive",
	"loop": true,
    "allow_disabled": false,
    "stages": [
	  {
        "img": "images/unknown-small.png",
        "codes": "SHDW",
      },
      {
        "img": "images/deku.png",
        "codes": "SHDW",
      },
	  {
        "img": "images/dodongo.png",
		"codes": "SHDW",
      },
      {
        "img": "images/jabu.png",
		"codes": "SHDW",
      },
      {
        "img": "images/forest.png",
		"codes": "SHDW",
      },
	  {
        "img": "images/fire.png",
		"codes": "SHDW",
      },
	  {
        "img": "images/water.png",
		"codes": "SHDW",
      },
	  {
        "img": "images/spirit.png",
		"codes": "SHDW",

      },
	  {
        "img": "images/shadow.png",
		"codes": "SHDW",
      },
	  {
        "img": "images/free.png",
		"codes": "SHDW",
      },
    ]
  },
    // Label Base
  {
    "name": "LGHT Medal Label",
    "type": "progressive",
	"loop": true,
    "allow_disabled": false,
    "stages": [
	  {
        "img": "images/unknown-small.png",
        "codes": "LGHT",
      },
      {
        "img": "images/deku.png",
        "codes": "LGHT",
      },
	  {
        "img": "images/dodongo.png",
		"codes": "LGHT",
      },
      {
        "img": "images/jabu.png",
		"codes": "LGHT",
      },
      {
        "img": "images/forest.png",
		"codes": "LGHT",
      },
	  {
        "img": "images/fire.png",
		"codes": "LGHT",
      },
	  {
        "img": "images/water.png",
		"codes": "LGHT",
      },
	  {
        "img": "images/spirit.png",
		"codes": "LGHT",
      },
	  {
        "img": "images/shadow.png",
		"codes": "LGHT",
      },
	  {
        "img": "images/free.png",
		"codes": "LGHT",
      },
    ]
  },
   // Forest Temple Label
   {
    "name": "Forest Temple Label",
    "type": "static",
    "img": "images/forest_label.png",
    "codes": "forest_label"
  },
     // Forest Keys
  {
    "name": "Forest Keys",
    "type": "consumable",
    "img": "images/SmallKey.png",
    "codes": "Forest_keys, forest_key, forestkey,forestkeys",
	"initial_quantity": 0,
    "max_quantity": 5
  },
  // Fire Temple Label
  {
    "name": "Fire Temple Label",
    "type": "static",
    "img": "images/fire_label.png",
    "codes": "fire_label"
  },
     // Fire Keys
  {
    "name": "Fire Keys",
    "type": "consumable",
    "img": "images/SmallKey.png",
    "codes": "Fire_keys, fire_key, firekey, firekeys",
	"initial_quantity": 0,
    "max_quantity": 8
  },
  // Water Temple Label
  {
    "name": "Water Temple Label",
    "type": "static",
    "img": "images/water_label.png",
    "codes": "water_label"
  },
  // Water Keys
  {
    "name": "Water Keys",
    "type": "consumable",
    "img": "images/SmallKey.png",
    "codes": "water_keys, water_key, waterkey,waterkeys",
	"initial_quantity": 0,
    "max_quantity": 6
  },
  // Spirit Temple Label
  {
    "name": "Spirit Temple Label",
    "type": "static",
    "img": "images/spirit_label.png",
    "codes": "spirit_label"
  },
     // Spirit Keys
  {
    "name": "Spirit Keys",
    "type": "consumable",
    "img": "images/SmallKey.png",
    "codes": "spirit_keys, spirit_key, spiritkey,spiritkeys",
	"initial_quantity": 0,
    "max_quantity": 5
  },
  // Shadow Temple Label
  {
    "name": "Shadow Temple Label",
    "type": "static",
    "img": "images/shadow_label.png",
    "codes": "shadow_label"
  },
     // Shadow Keys
  {
    "name": "shadow Keys",
    "type": "consumable",
    "img": "images/SmallKey.png",
    "codes": "shadow_keys, shadow_key, shadowkey,shadowkeys",
	"initial_quantity": 0,
    "max_quantity": 5
  },
   // Well Label
   {
    "name": "Well Label",
    "type": "static",
    "img": "images/well_label.png",
    "codes": "well_label"
  },
     // Well Keys
  {
    "name": "well Keys",
    "type": "consumable",
    "img": "images/SmallKey.png",
    "codes": "well_keys, well_key, wellkey,botw_key,botwkey,botw_keys,botwkeys,botw",
	"initial_quantity": 0,
    "max_quantity": 3
  },
  // Gerudo Label
  {
    "name": "Gerudo Label",
    "type": "static",
    "img": "images/gerudo_label.png",
    "codes": "gerudo_label"
  },
     // Gerudo Keys
  {
    "name": "Gerudo Keys",
    "type": "consumable",
    "img": "images/SmallKey.png",
    "codes": "gerudo_keys, gerudo_key, gerudokey,gtgkey, gtg_key,gtg",
	"initial_quantity": 0,
    "max_quantity": 9
  },
      // Fortress Label
  {
    "name": "Fortress Label",
    "type": "static",
    "img": "images/fortress_label.png",
    "codes": "fortress_label"
  },
      // Fortress Keys
  {
    "name": "Fortress Treasures",
    "type": "consumable",
    "img": "images/SmallKey.png",
    "codes": "fortress_key,fortkey,fortresskeys,fortress_keys,trainkey,trainkeys,train_key,train_keys",
    "swap_actions": false,
	"initial_quantity": 0,
    "max_quantity": 4
  },
  // Ganon's Tower Label
  {
    "name": "Ganon's Tower Label",
    "type": "static",
    "img": "images/ganon_label.png",
    "codes": "ganon_label"
  },
     // Ganon Keys
  {
    "name": "ganon Keys",
    "type": "consumable",
    "img": "images/SmallKey.png",
    "codes": "ganon_keys, ganon_key, ganonkey,ganon",
	"initial_quantity": 0,
    "max_quantity": 2
  },
  {
    "name": "Forest Boss Key",
    "type": "toggle",
    "img": "images/oot_boss_key.png",
    "codes": "forest_boss, forestboss,forestbig, forest_big,forest_bigkey,forestbigkey"
  },
      {
    "name": "Fire Boss Key",
    "type": "toggle",
    "img": "images/oot_boss_key.png",
    "codes": "fire_boss, fireboss, firebig, fire_big,firebigkey,fire_bigkey"
  },
      {
    "name": "Water Boss Key",
    "type": "toggle",
    "img": "images/oot_boss_key.png",
    "codes": "water_boss, waterboss,waterbig, water_big, waterbigkey, water_bigkey"
  },
      {
    "name": "Spirit Boss Key",
    "type": "toggle",
    "img": "images/oot_boss_key.png",
    "codes": "Spirit_boss, spiritboss,spiritbig, spirit_big, spiritbigkey, spirit_bigkey"
  },
      {
    "name": "Shadow Boss Key",
    "type": "toggle",
    "img": "images/oot_boss_key.png",
    "codes": "shadow_boss, shadowboss,shadowbig, shadow_big, shadowbigkey, shadow_bigkey"
  },
      {
    "name": "Ganon Boss Key",
    "type": "toggle",
    "img": "images/oot_boss_key.png",
    "codes": "Ganon_boss, ganonboss,ganonbig, ganon_big, ganon_bigkey, ganonbigkey"
  },
  // Check Label
  {
    "name": "Check Total",
    "type": "static",
    "img": "images/245.png",
    "codes": "checktotal"
  },
   // Single Digit Progressive
  {
    "name": "Ones Digit",
    "type": "progressive",
	"loop": true,
    "allow_disabled": false,
    "stages": [
	  {
        "img": "images/number0.png",
        "codes": "ONES",
      },
      {
        "img": "images/number1.png",
        "codes": "ONES",
      },
	  {
        "img": "images/number2.png",
		"codes": "ONES",
      },
      {
        "img": "images/number3.png",
		"codes": "ONES",
      },
      {
        "img": "images/number4.png",
		"codes": "ONES",
      },
	  {
        "img": "images/number5.png",
		"codes": "ONES",
      },
	  {
        "img": "images/number6.png",
		"codes": "ONES",
      },
	  {
        "img": "images/number7.png",
		"codes": "ONES",
      },
	  {
        "img": "images/number8.png",
		"codes": "ONES",
      },
	  {
        "img": "images/number9.png",
		"codes": "ONES",
      },
    ]
  },
   // Single Digit Progressive
  {
    "name": "Tens Digit",
    "type": "progressive",
	"loop": true,
    "allow_disabled": false,
    "stages": [
	  {
        "img": "images/number0.png",
        "codes": "TENS",
      },
      {
        "img": "images/number1.png",
        "codes": "TENS",
      },
	  {
        "img": "images/number2.png",
		"codes": "TENS",
      },
      {
        "img": "images/number3.png",
		"codes": "TENS",
      },
      {
        "img": "images/number4.png",
		"codes": "TENS",
      },
	  {
        "img": "images/number5.png",
		"codes": "TENS",
      },
	  {
        "img": "images/number6.png",
		"codes": "TENS",
      },
	  {
        "img": "images/number7.png",
		"codes": "TENS",
      },
	  {
        "img": "images/number8.png",
		"codes": "TENS",
      },
	  {
        "img": "images/number9.png",
		"codes": "TENS",
      },
    ]
  },
   // Single Digit Progressive
  {
    "name": "Hundreds Digit",
    "type": "progressive",
	"loop": true,
    "allow_disabled": false,
    "stages": [
	  {
        "img": "images/number0.png",
        "codes": "HUNDREDS",
      },
      {
        "img": "images/number1.png",
        "codes": "HUNDREDS",
      },
	  {
        "img": "images/number2.png",
		"codes": "HUNDREDS",
      },
      /*{
        "img": "images/number3.png",
		"codes": "HUNDREDS",
      },
      {
        "img": "images/number4.png",
		"codes": "HUNDREDS",
      },
	  {
        "img": "images/number5.png",
		"codes": "HUNDREDS",
      },
	  {
        "img": "images/number6.png",
		"codes": "HUNDREDS",
      },
	  {
        "img": "images/number7.png",
		"codes": "HUNDREDS",
      },
	  {
        "img": "images/number8.png",
		"codes": "HUNDREDS",
      },
	  {
        "img": "images/number9.png",
		"codes": "HUNDREDS",
      },*/
    ]
  },
  {
    "name": "Ruby Canvas",
    "type": "toggle",
    "img": "images/ruby-small.png",
    "codes": "rubysmall"
  },
  {
    "name": "Emerald Canvas",
    "type": "toggle",
    "img": "images/emerald-small.png",
    "codes": "emeraldsmall"
  },
  {
    "name": "Sapphire Canvas",
    "type": "toggle",
    "img": "images/sapphire-small.png",
    "codes": "sapphiresmall"
  },
  {
    "name": "Open Forest",
    "type": "progressive",
    "allow_disabled": false,
    "loop": true,
    "stages": [
      {
        "img": "images/closed_forest.png",
        "codes": "type_forest,closed_forest"
      },
      {
        "img": "images/open_forest.png",
        "codes": "type_forest,open_forest",
        "inherit_codes": false
      }
    ]
  },
]